{"ra":{"MERCURY":18.8151426034,"VENUS":22.1079410396,"MARS":4.4502310345,"JUPITER":0.3209321056,"SATURN":21.8402650928,"URANUS":2.8179626759,"NEPTUNE":23.6100480292,"MOON":0.6519524245},"dec":{"MERCURY":-21.326461527,"VENUS":-13.3184199767,"MARS":24.5118670249,"JUPITER":0.7828424391,"SATURN":-14.3968952185,"URANUS":15.893081098,"NEPTUNE":-3.8096113181,"MOON":1.5614871654}}