{"ra":{"MERCURY":18.6380082506,"VENUS":21.8102276811,"MARS":4.4125527441,"JUPITER":0.2816181333,"SATURN":21.8124048274,"URANUS":2.8176188479,"NEPTUNE":23.6038807112,"PLUTO":20.0427151516,"SUN":20.2951242769,"MOON":21.2899290618},"dec":{"MERCURY":-20.8724540526,"VENUS":-14.9167769842,"MARS":24.4577383366,"JUPITER":0.5150308389,"SATURN":-14.5394848961,"URANUS":15.8898490638,"NEPTUNE":-3.8508905829,"PLUTO":-22.7824928892,"SUN":-19.6755786616,"MOON":-20.9839671615}}