{"ra":{"Mercury":23.9506118249,"Venus":1.9665753383,"Mars":5.7365023573,"Jupiter":0.9869969853,"Saturn":22.231939058,"Uranus":2.8997557,"Neptune":23.718948683,"Moon":21.2722255721},"dec":{"Mercury":-1.7716508126,"Venus":12.2735877383,"Mars":25.5989963469,"Jupiter":5.147614723,"Saturn":-12.3496124864,"Uranus":16.2738334167,"Neptune":-3.0994248244,"Moon":-21.1784703368}}