{"ra":{"Mercury":22.3586099615,"Venus":0.9212204924,"Mars":5.2819530254,"Jupiter":0.7877517714,"Saturn":22.1278660116,"Uranus":2.8643355625,"Neptune":23.6865453731,"Moon":9.055783095},"dec":{"Mercury":-12.5556039016,"Venus":5.3620936082,"Mars":25.4409889175,"Jupiter":3.8746838392,"Saturn":-12.8998944644,"Uranus":16.1140769802,"Neptune":-3.3079374215,"Moon":22.0788995386}}