{"ra":{"MERCURY":18.8713731443,"VENUS":22.1822442951,"MARS":4.4613913559,"JUPITER":0.3310936497,"SATURN":21.8473424174,"URANUS":2.8181762999,"NEPTUNE":23.6116562286,"MOON":1.4080470306},"dec":{"MERCURY":-21.4204566587,"VENUS":-12.9024030997,"MARS":24.5281739977,"JUPITER":0.8518449559,"SATURN":-14.3605986192,"URANUS":15.8944607067,"NEPTUNE":-3.7988771121,"MOON":7.3578661824}}