{"ra":{"Mercury":19.9446306733,"Venus":23.1951609409,"Mars":4.6791945112,"Jupiter":0.4829186708,"Saturn":21.9480313042,"Uranus":2.8264668158,"Neptune":23.6361865976,"Moon":12.1539014439},"dec":{"Mercury":-21.3032960877,"Venus":-6.6436200817,"Mars":24.8370156101,"Jupiter":1.8731232345,"Saturn":-13.8410631041,"Uranus":15.9372157632,"Neptune":-3.6363840498,"Moon":2.1820811682}}