{"ra":{"MERCURY":19.3941470788,"VENUS":22.7295079788,"MARS":4.5643862579,"JUPITER":0.4101277151,"SATURN":21.9008569084,"URANUS":2.8213860404,"NEPTUNE":23.6243253818,"MOON":7.3729364243},"dec":{"MERCURY":-21.7319799752,"VENUS":-9.6456993646,"MARS":24.678043762,"JUPITER":1.3856671088,"SATURN":-14.0851925541,"URANUS":15.9119255585,"NEPTUNE":-3.7146885973,"MOON":26.8361606657}}