{"ra":{"MERCURY":19.317139092,"VENUS":22.65827332,"MARS":4.5489639523,"JUPITER":0.3994308928,"SATURN":21.8937622934,"URANUS":2.820801821,"NEPTUNE":23.6225960416,"MOON":6.5578797499},"dec":{"MERCURY":-21.7362577728,"VENUS":-10.0875958808,"MARS":24.6559023974,"JUPITER":1.3137035713,"SATURN":-14.1217993481,"URANUS":15.9089114731,"NEPTUNE":-3.7261442299,"MOON":27.519944485}}