{"ra":{"MERCURY BARYCENTER":18.4769795892,"VENUS BARYCENTER":18.1018173551,"MARS BARYCENTER":4.8604260609,"JUPITER BARYCENTER":23.9759633718,"SATURN BARYCENTER":21.539522652,"URANUS BARYCENTER":2.8666718025,"NEPTUNE BARYCENTER":23.5628648649,"PLUTO BARYCENTER":19.9489760481,"SUN":17.211234689,"MOON":7.9279521909},"dec":{"MERCURY BARYCENTER":-25.5949994169,"VENUS BARYCENTER":-24.2086276746,"MARS BARYCENTER":24.9342807902,"JUPITER BARYCENTER":-1.6567958505,"SATURN BARYCENTER":-15.9135887451,"URANUS BARYCENTER":16.088731356,"NEPTUNE BARYCENTER":-4.1381085052,"PLUTO BARYCENTER":-22.9969989134,"SUN":-22.9904162873,"MOON":25.8249690619}}